cluster,number_customers,media_faturamento,media_recencia,media_produtos_comprados,frequencia_compra,qtde_devolucoes,number_customer_percentual
3,1140,5049.999096491228,9.214035087719298,220.19473684210527,0.07786910154123637,56.60964912280702,20.02
2,737,1719.8010447761196,33.75576662143826,97.84938941655359,0.03215380916804444,17.200814111261874,12.94
1,417,1463.5133333333335,72.68345323741008,75.39808153477219,0.025305469099999128,9.717026378896882,7.32
6,776,991.4396649484537,243.3286082474227,57.08505154639175,0.4019859739177329,20.701030927835053,13.63
5,260,973.9064230769231,319.16923076923075,70.91153846153846,1.0076923076923077,286.6038461538462,4.57
8,948,657.1567088607594,159.52320675105486,53.187763713080166,1.018987341772152,1.8681434599156117,16.65
4,885,613.5978644067796,41.35819209039548,41.23276836158192,1.0326472962066182,3.944632768361582,15.54
7,532,528.739530075188,264.2387218045113,43.580827067669176,1.0150375939849625,1.8157894736842106,9.34
